id_produto,nome_produto,categoria,preco,ativo,descricao
1,Notebook Lenovo IdeaPad 3 15,Informática,5963.42,True,"Notebook Lenovo IdeaPad 3 15 | Categoria: Informática | Cor: prata | Material: alumínio | Voltagem: 220V | Peso: 33.38 kg | Dimensões: 149x32x80 cm | Capacidade: 16GB RAM | Potência: 65W | Conectividade: Wi-Fi | Recursos: assistência técnica nacional, acabamento premium, baixo ruído | Garantia: 24 meses | Origem: México | Indicações de uso: viagem | Compatível com: Wi-Fi 2.4/5GHz | Palavras-chave: informática, prata, alumínio, 220V, 16GB RAM, 65W, Wi-Fi, eficiência, durável, custo-benefício | Nulla culpa in consectetur ullam deleniti ratione quibusdam voluptate quas."
2,Cabo USB-C Anker 1.8m,Telefonia,4149.50,True,"Cabo USB-C Anker 1.8m | Categoria: Telefonia | Cor: preto | Material: ABS | Voltagem: 220V | Peso: 19.13 kg | Dimensões: 81x49x32 cm | Capacidade: 5000mAh | Potência: — | Conectividade: Wi-Fi | Recursos: eficiência energética A, proteção contra sobrecarga, acabamento premium, design ergonômico, garantia 12 meses | Garantia: 6 meses | Origem: Vietnã | Indicações de uso: viagem | Compatível com: tomada padrão | Palavras-chave: telefonia, preto, ABS, 220V, 5000mAh, —, Wi-Fi, eficiência, durável, custo-benefício | Nam recusandae ducimus accusamus iste voluptatum deserunt reprehenderit."
3,Escrivaninha 120x60cm MDP,Móveis,2261.92,True,"Escrivaninha 120x60cm MDP | Categoria: Móveis | Cor: dourado | Material: MDF BP | Voltagem: 220V | Peso: 8.81 kg | Dimensões: 27x21x34 cm | Capacidade: 200kg suportados | Potência: — | Conectividade: Bluetooth 5.3 | Recursos: fácil instalação, design ergonômico | Garantia: 12 meses | Origem: China | Indicações de uso: profissional | Compatível com: USB-C PD | Palavras-chave: móveis, dourado, MDF BP, 220V, 200kg suportados, —, Bluetooth 5.3, eficiência, durável, custo-benefício | Modi nihil laborum sapiente unde deleniti nobis laboriosam dolores et placeat temporibus."
4,Máquina de Lavar Consul 11kg,Eletrodomésticos,4070.52,True,"Máquina de Lavar Consul 11kg | Categoria: Eletrodomésticos | Cor: branco | Material: cerâmica | Voltagem: 220V | Peso: 7.87 kg | Dimensões: 196x72x25 cm | Capacidade: 4L | Potência: 1377W | Conectividade: NFC, DisplayPort | Recursos: proteção contra sobrecarga, baixo ruído, assistência técnica nacional | Garantia: 6 meses | Origem: China | Indicações de uso: estúdio | Compatível com: USB-C PD | Palavras-chave: eletrodomésticos, branco, cerâmica, 220V, 4L, 1377W, NFC, DisplayPort, eficiência, durável, custo-benefício | Expedita assumenda occaecati doloribus facilis sunt dicta rem aut animi mollitia consequuntur."
5,"Monitor LG 27"" IPS 144Hz",Informática,7315.51,True,"Monitor LG 27"" IPS 144Hz | Categoria: Informática | Cor: vermelho | Material: policarbonato | Voltagem: 220V | Peso: 22.57 kg | Dimensões: 174x127x23 cm | Capacidade: 1TB | Potência: 90W | Conectividade: NFC | Recursos: controle por app, fácil instalação, acabamento premium, garantia 12 meses | Garantia: 6 meses | Origem: México | Indicações de uso: viagem | Compatível com: Wi-Fi 2.4/5GHz | Palavras-chave: informática, vermelho, policarbonato, 220V, 1TB, 90W, NFC, eficiência, durável, custo-benefício | Adipisci nobis exercitationem molestiae adipisci facere."
6,Notebook Lenovo IdeaPad 3 15,Informática,6905.49,True,"Notebook Lenovo IdeaPad 3 15 | Categoria: Informática | Cor: prata | Material: vidro temperado | Voltagem: 220V | Peso: 3.05 kg | Dimensões: 107x162x64 cm | Capacidade: 32GB RAM | Potência: 120W | Conectividade: Wi-Fi, NFC, USB-C | Recursos: eficiência energética A, design ergonômico, fácil instalação, controle por app | Garantia: 12 meses | Origem: Brasil | Indicações de uso: escritório | Compatível com: padrão ABNT | Palavras-chave: informática, prata, vidro temperado, 220V, 32GB RAM, 120W, Wi-Fi, NFC, USB-C, eficiência, durável, custo-benefício | Vitae doloribus magnam pariatur consequuntur cupiditate expedita sit doloribus maiores atque facere."
7,Prancha Babyliss Pro Nano Titanium,Beleza,1052.39,True,"Prancha Babyliss Pro Nano Titanium | Categoria: Beleza | Cor: cinza-escuro | Material: cerâmica | Voltagem: bivolt | Peso: 7.05 kg | Dimensões: 51x148x72 cm | Capacidade: 200°C | Potência: 1926W | Conectividade: HDMI, Wi-Fi | Recursos: proteção contra sobrecarga, design ergonômico | Garantia: 6 meses | Origem: Brasil | Indicações de uso: profissional | Compatível com: tomada padrão | Palavras-chave: beleza, cinza-escuro, cerâmica, bivolt, 200°C, 1926W, HDMI, Wi-Fi, eficiência, durável, custo-benefício | Eaque delectus velit vitae corrupti accusamus voluptatibus dolor cumque deserunt libero suscipit."
8,Memória RAM Corsair Vengeance 16GB 3200MHz,Informática,6550.26,False,"Memória RAM Corsair Vengeance 16GB 3200MHz | Categoria: Informática | Cor: cinza-escuro | Material: ABS | Voltagem: bivolt | Peso: 29.76 kg | Dimensões: 150x52x38 cm | Capacidade: 32GB RAM | Potência: — | Conectividade: DisplayPort | Recursos: design ergonômico, fácil instalação, proteção contra sobrecarga | Garantia: 12 meses | Origem: Vietnã | Indicações de uso: doméstico | Compatível com: padrão ABNT | Palavras-chave: informática, cinza-escuro, ABS, bivolt, 32GB RAM, —, DisplayPort, eficiência, durável, custo-benefício | Doloremque accusamus dicta voluptate omnis doloribus nemo officiis consequatur ratione assumenda."
9,Samsung Galaxy A54 5G 256GB,Telefonia,2406.31,True,"Samsung Galaxy A54 5G 256GB | Categoria: Telefonia | Cor: grafite | Material: cerâmica | Voltagem: bivolt | Peso: 0.52 kg | Dimensões: 191x171x12 cm | Capacidade: 256GB | Potência: — | Conectividade: Wi-Fi | Recursos: eficiência energética A, acabamento premium, assistência técnica nacional, garantia 12 meses | Garantia: 24 meses | Origem: Vietnã | Indicações de uso: profissional | Compatível com: padrão ABNT | Palavras-chave: telefonia, grafite, cerâmica, bivolt, 256GB, —, Wi-Fi, eficiência, durável, custo-benefício | Maiores amet fuga porro sapiente dignissimos aliquid culpa laudantium sit sunt laudantium soluta."
10,Modelador de Cachos Taiff,Beleza,598.84,True,"Modelador de Cachos Taiff | Categoria: Beleza | Cor: verde-oliva | Material: policarbonato | Voltagem: bivolt | Peso: 4.54 kg | Dimensões: 120x100x59 cm | Capacidade: — | Potência: 1656W | Conectividade: Wi-Fi, NFC, DisplayPort | Recursos: proteção contra sobrecarga, eficiência energética A, assistência técnica nacional, acabamento premium, fácil instalação | Garantia: 24 meses | Origem: Vietnã | Indicações de uso: profissional | Compatível com: Wi-Fi 2.4/5GHz | Palavras-chave: beleza, verde-oliva, policarbonato, bivolt, —, 1656W, Wi-Fi, NFC, DisplayPort, eficiência, durável, custo-benefício | Accusantium quisquam atque tempora itaque voluptatibus dolore nam ullam commodi et veritatis architecto earum."
11,Realme C55 256GB,Telefonia,3270.64,False,"Realme C55 256GB | Categoria: Telefonia | Cor: branco | Material: tecido suede | Voltagem: 220V | Peso: 4.59 kg | Dimensões: 176x148x6 cm | Capacidade: 128GB | Potência: — | Conectividade: Bluetooth 5.3 | Recursos: resistente a riscos, controle por app, assistência técnica nacional, fácil instalação, acabamento premium | Garantia: 6 meses | Origem: México | Indicações de uso: estúdio | Compatível com: tomada padrão | Palavras-chave: telefonia, branco, tecido suede, 220V, 128GB, —, Bluetooth 5.3, eficiência, durável, custo-benefício | Accusamus consectetur soluta quae officiis repudiandae harum veritatis explicabo rem sed."
12,Guarda-Roupa 6 Portas Cedro,Móveis,3714.89,True,"Guarda-Roupa 6 Portas Cedro | Categoria: Móveis | Cor: azul-marinho | Material: vidro temperado | Voltagem: 220V | Peso: 43.09 kg | Dimensões: 152x179x67 cm | Capacidade: 120kg suportados | Potência: — | Conectividade: USB-C | Recursos: baixo ruído, acabamento premium, controle por app | Garantia: 24 meses | Origem: China | Indicações de uso: doméstico | Compatível com: tomada padrão | Palavras-chave: móveis, azul-marinho, vidro temperado, 220V, 120kg suportados, —, USB-C, eficiência, durável, custo-benefício | Impedit esse quasi neque magni praesentium quod quae."
13,Escova Modeladora Conair,Beleza,633.25,True,"Escova Modeladora Conair | Categoria: Beleza | Cor: prata | Material: aço inox | Voltagem: 220V | Peso: 3.79 kg | Dimensões: 57x27x13 cm | Capacidade: 200°C | Potência: 1526W | Conectividade: DisplayPort | Recursos: controle por app, baixo ruído, eficiência energética A | Garantia: 12 meses | Origem: China | Indicações de uso: escritório | Compatível com: padrão ABNT | Palavras-chave: beleza, prata, aço inox, 220V, 200°C, 1526W, DisplayPort, eficiência, durável, custo-benefício | Doloribus ab occaecati quas beatae nihil facere doloribus iste architecto corporis."
14,Máquina de Lavar Consul 11kg,Eletrodomésticos,1703.84,True,"Máquina de Lavar Consul 11kg | Categoria: Eletrodomésticos | Cor: azul-marinho | Material: tecido suede | Voltagem: 110V | Peso: 41.82 kg | Dimensões: 28x12x63 cm | Capacidade: 500ml | Potência: 1753W | Conectividade: Wi-Fi | Recursos: acabamento premium, design ergonômico, garantia 12 meses | Garantia: 12 meses | Origem: Brasil | Indicações de uso: profissional | Compatível com: USB-C PD | Palavras-chave: eletrodomésticos, azul-marinho, tecido suede, 110V, 500ml, 1753W, Wi-Fi, eficiência, durável, custo-benefício | Impedit eaque quibusdam voluptas cupiditate aliquam quae magnam tempora dicta hic iusto minus."
15,Micro-ondas Electrolux 20L,Eletrodomésticos,2713.38,True,"Micro-ondas Electrolux 20L | Categoria: Eletrodomésticos | Cor: azul-marinho | Material: cerâmica | Voltagem: 220V | Peso: 23.9 kg | Dimensões: 180x151x43 cm | Capacidade: 2L | Potência: 812W | Conectividade: USB-C | Recursos: eficiência energética A, acabamento premium | Garantia: 6 meses | Origem: China | Indicações de uso: escritório | Compatível com: padrão ABNT | Palavras-chave: eletrodomésticos, azul-marinho, cerâmica, 220V, 2L, 812W, USB-C, eficiência, durável, custo-benefício | Nesciunt occaecati cum a ipsa officia recusandae."
16,Máquina de Lavar Consul 11kg,Eletrodomésticos,4171.86,True,"Máquina de Lavar Consul 11kg | Categoria: Eletrodomésticos | Cor: cinza-escuro | Material: tecido suede | Voltagem: 110V | Peso: 40.76 kg | Dimensões: 23x33x59 cm | Capacidade: 20L | Potência: 690W | Conectividade: USB-C | Recursos: design ergonômico, garantia 12 meses, resistente a riscos | Garantia: 24 meses | Origem: Vietnã | Indicações de uso: viagem | Compatível com: tomada padrão | Palavras-chave: eletrodomésticos, cinza-escuro, tecido suede, 110V, 20L, 690W, USB-C, eficiência, durável, custo-benefício | Officia soluta pariatur nisi consequuntur alias."
17,Notebook Dell Inspiron 15,Informática,7567.00,True,"Notebook Dell Inspiron 15 | Categoria: Informática | Cor: prata | Material: malha respirável | Voltagem: bivolt | Peso: 37.59 kg | Dimensões: 159x151x23 cm | Capacidade: 16GB RAM | Potência: 90W | Conectividade: USB-C | Recursos: baixo ruído, proteção contra sobrecarga, assistência técnica nacional, acabamento premium | Garantia: 6 meses | Origem: Brasil | Indicações de uso: escritório | Compatível com: Wi-Fi 2.4/5GHz | Palavras-chave: informática, prata, malha respirável, bivolt, 16GB RAM, 90W, USB-C, eficiência, durável, custo-benefício | Esse quam voluptas alias quis commodi eius assumenda mollitia ab minus."
18,Maquina de Cortar Cabelo Wahl Home Pro,Beleza,1115.37,True,"Maquina de Cortar Cabelo Wahl Home Pro | Categoria: Beleza | Cor: prata | Material: ABS | Voltagem: 110V | Peso: 1.31 kg | Dimensões: 198x95x57 cm | Capacidade: 200°C | Potência: 1246W | Conectividade: NFC | Recursos: fácil instalação, baixo ruído | Garantia: 12 meses | Origem: México | Indicações de uso: profissional | Compatível com: Wi-Fi 2.4/5GHz | Palavras-chave: beleza, prata, ABS, 110V, 200°C, 1246W, NFC, eficiência, durável, custo-benefício | Vitae optio assumenda officia consequatur ullam labore."
19,Fogão 4 Bocas Atlas Mônaco,Eletrodomésticos,4950.14,False,"Fogão 4 Bocas Atlas Mônaco | Categoria: Eletrodomésticos | Cor: grafite | Material: aço inox | Voltagem: 220V | Peso: 8.85 kg | Dimensões: 94x81x13 cm | Capacidade: 20L | Potência: 1319W | Conectividade: DisplayPort, HDMI, USB-C | Recursos: eficiência energética A, design ergonômico | Garantia: 6 meses | Origem: China | Indicações de uso: doméstico | Compatível com: tomada padrão | Palavras-chave: eletrodomésticos, grafite, aço inox, 220V, 20L, 1319W, DisplayPort, HDMI, USB-C, eficiência, durável, custo-benefício | Voluptas pariatur ex quam officiis eveniet."
20,Aparador de Pelos Philips OneBlade,Beleza,454.08,True,"Aparador de Pelos Philips OneBlade | Categoria: Beleza | Cor: verde-oliva | Material: cerâmica | Voltagem: 220V | Peso: 5.38 kg | Dimensões: 157x58x37 cm | Capacidade: 200°C | Potência: 2151W | Conectividade: Wi-Fi, DisplayPort | Recursos: proteção contra sobrecarga, fácil instalação, eficiência energética A | Garantia: 24 meses | Origem: China | Indicações de uso: viagem | Compatível com: USB-C PD | Palavras-chave: beleza, verde-oliva, cerâmica, 220V, 200°C, 2151W, Wi-Fi, DisplayPort, eficiência, durável, custo-benefício | Quis nam sed necessitatibus dignissimos perspiciatis ut voluptatem voluptas quo reiciendis."
21,Teclado Mecânico Redragon Kumara,Informática,4116.13,True,"Teclado Mecânico Redragon Kumara | Categoria: Informática | Cor: vermelho | Material: vidro temperado | Voltagem: 220V | Peso: 13.45 kg | Dimensões: 42x59x58 cm | Capacidade: 16GB RAM | Potência: 90W | Conectividade: DisplayPort, USB-C, HDMI | Recursos: design ergonômico, controle por app | Garantia: 6 meses | Origem: Vietnã | Indicações de uso: viagem | Compatível com: USB-C PD | Palavras-chave: informática, vermelho, vidro temperado, 220V, 16GB RAM, 90W, DisplayPort, USB-C, HDMI, eficiência, durável, custo-benefício | Ratione debitis beatae quo minima possimus."
22,Estante Livreiro 5 Prateleiras,Móveis,1835.58,True,"Estante Livreiro 5 Prateleiras | Categoria: Móveis | Cor: champanhe | Material: ABS | Voltagem: 220V | Peso: 4.0 kg | Dimensões: 141x179x47 cm | Capacidade: 120kg suportados | Potência: — | Conectividade: NFC | Recursos: assistência técnica nacional, controle por app, garantia 12 meses, baixo ruído | Garantia: 6 meses | Origem: México | Indicações de uso: estúdio | Compatível com: tomada padrão | Palavras-chave: móveis, champanhe, ABS, 220V, 120kg suportados, —, NFC, eficiência, durável, custo-benefício | Exercitationem iste consequatur pariatur doloribus laborum ratione voluptates."
23,Cadeira Ergonômica com Apoio Lombar,Móveis,3558.21,True,"Cadeira Ergonômica com Apoio Lombar | Categoria: Móveis | Cor: verde-oliva | Material: tecido suede | Voltagem: 110V | Peso: 11.13 kg | Dimensões: 177x186x5 cm | Capacidade: 120kg suportados | Potência: — | Conectividade: Bluetooth 5.3, NFC | Recursos: baixo ruído, acabamento premium, assistência técnica nacional, fácil instalação, controle por app | Garantia: 12 meses | Origem: México | Indicações de uso: estúdio | Compatível com: USB-C PD | Palavras-chave: móveis, verde-oliva, tecido suede, 110V, 120kg suportados, —, Bluetooth 5.3, NFC, eficiência, durável, custo-benefício | Expedita non unde similique impedit perferendis."
24,"Rack para Sala 1,80m",Móveis,3282.23,False,"Rack para Sala 1,80m | Categoria: Móveis | Cor: verde-oliva | Material: malha respirável | Voltagem: 110V | Peso: 40.39 kg | Dimensões: 200x131x62 cm | Capacidade: 200kg suportados | Potência: — | Conectividade: NFC | Recursos: acabamento premium, resistente a riscos, assistência técnica nacional, garantia 12 meses | Garantia: 12 meses | Origem: Brasil | Indicações de uso: escritório | Compatível com: padrão ABNT | Palavras-chave: móveis, verde-oliva, malha respirável, 110V, 200kg suportados, —, NFC, eficiência, durável, custo-benefício | Eos suscipit rerum voluptatibus voluptatibus optio corrupti fugiat libero."
25,Aspirador Vertical Philco Ciclone,Eletrodomésticos,2020.30,True,"Aspirador Vertical Philco Ciclone | Categoria: Eletrodomésticos | Cor: prata | Material: ABS | Voltagem: bivolt | Peso: 17.36 kg | Dimensões: 49x190x32 cm | Capacidade: 11kg | Potência: 1449W | Conectividade: USB-C, DisplayPort | Recursos: fácil instalação, baixo ruído, assistência técnica nacional, controle por app, resistente a riscos | Garantia: 12 meses | Origem: Brasil | Indicações de uso: viagem | Compatível com: Wi-Fi 2.4/5GHz | Palavras-chave: eletrodomésticos, prata, ABS, bivolt, 11kg, 1449W, USB-C, DisplayPort, eficiência, durável, custo-benefício | Similique modi explicabo aliquam natus nam officiis."
26,Cadeira Gamer DT3 Sports,Móveis,3777.84,True,"Cadeira Gamer DT3 Sports | Categoria: Móveis | Cor: verde-oliva | Material: vidro temperado | Voltagem: 220V | Peso: 33.69 kg | Dimensões: 149x164x33 cm | Capacidade: 200kg suportados | Potência: — | Conectividade: USB-C | Recursos: resistente a riscos, baixo ruído, fácil instalação, garantia 12 meses, proteção contra sobrecarga | Garantia: 24 meses | Origem: Vietnã | Indicações de uso: profissional | Compatível com: Wi-Fi 2.4/5GHz | Palavras-chave: móveis, verde-oliva, vidro temperado, 220V, 200kg suportados, —, USB-C, eficiência, durável, custo-benefício | Itaque deserunt porro ratione consequatur at deserunt ab quam distinctio sapiente voluptatem esse."
27,Fone TWS QCY T13,Telefonia,3766.82,False,"Fone TWS QCY T13 | Categoria: Telefonia | Cor: dourado | Material: cerâmica | Voltagem: 220V | Peso: 1.41 kg | Dimensões: 174x119x22 cm | Capacidade: 6000mAh | Potência: — | Conectividade: Wi-Fi | Recursos: fácil instalação, proteção contra sobrecarga, assistência técnica nacional, resistente a riscos | Garantia: 12 meses | Origem: China | Indicações de uso: estúdio | Compatível com: USB-C PD | Palavras-chave: telefonia, dourado, cerâmica, 220V, 6000mAh, —, Wi-Fi, eficiência, durável, custo-benefício | Fuga illo similique ducimus a sunt nulla sequi ex."
28,Guarda-Roupa 6 Portas Cedro,Móveis,3359.45,True,"Guarda-Roupa 6 Portas Cedro | Categoria: Móveis | Cor: cinza-escuro | Material: aço inox | Voltagem: 110V | Peso: 10.25 kg | Dimensões: 27x176x10 cm | Capacidade: 120kg suportados | Potência: — | Conectividade: Bluetooth 5.3 | Recursos: controle por app, garantia 12 meses | Garantia: 6 meses | Origem: México | Indicações de uso: estúdio | Compatível com: tomada padrão | Palavras-chave: móveis, cinza-escuro, aço inox, 110V, 120kg suportados, —, Bluetooth 5.3, eficiência, durável, custo-benefício | Hic laudantium veniam molestias nobis impedit neque quasi deleniti accusamus officia quasi."
29,Barbeador Philips Aquatouch,Beleza,590.14,True,"Barbeador Philips Aquatouch | Categoria: Beleza | Cor: vermelho | Material: ABS | Voltagem: 220V | Peso: 27.4 kg | Dimensões: 193x39x25 cm | Capacidade: — | Potência: 921W | Conectividade: Wi-Fi, USB-C, HDMI | Recursos: assistência técnica nacional, eficiência energética A, controle por app, baixo ruído, proteção contra sobrecarga | Garantia: 12 meses | Origem: Brasil | Indicações de uso: viagem | Compatível com: tomada padrão | Palavras-chave: beleza, vermelho, ABS, 220V, —, 921W, Wi-Fi, USB-C, HDMI, eficiência, durável, custo-benefício | Tempore vel voluptatum odit reprehenderit omnis porro optio aperiam."
30,Air Fryer Mondial 4L,Eletrodomésticos,2656.01,True,"Air Fryer Mondial 4L | Categoria: Eletrodomésticos | Cor: cinza-escuro | Material: MDF BP | Voltagem: bivolt | Peso: 38.26 kg | Dimensões: 135x37x60 cm | Capacidade: 20L | Potência: 1901W | Conectividade: NFC, Bluetooth 5.3 | Recursos: garantia 12 meses, acabamento premium, design ergonômico, resistente a riscos, fácil instalação | Garantia: 12 meses | Origem: Vietnã | Indicações de uso: estúdio | Compatível com: USB-C PD | Palavras-chave: eletrodomésticos, cinza-escuro, MDF BP, bivolt, 20L, 1901W, NFC, Bluetooth 5.3, eficiência, durável, custo-benefício | Deserunt aliquam sed voluptate non perferendis veritatis deleniti expedita nam."
31,Máquina de Lavar Consul 11kg,Eletrodomésticos,5009.78,True,"Máquina de Lavar Consul 11kg | Categoria: Eletrodomésticos | Cor: champanhe | Material: policarbonato | Voltagem: 110V | Peso: 25.73 kg | Dimensões: 181x107x48 cm | Capacidade: 11kg | Potência: 1612W | Conectividade: Bluetooth 5.3, HDMI | Recursos: proteção contra sobrecarga, design ergonômico, controle por app | Garantia: 12 meses | Origem: China | Indicações de uso: viagem | Compatível com: tomada padrão | Palavras-chave: eletrodomésticos, champanhe, policarbonato, 110V, 11kg, 1612W, Bluetooth 5.3, HDMI, eficiência, durável, custo-benefício | Ducimus rem impedit quidem accusamus cupiditate quia culpa."
32,Barbeador Philips Aquatouch,Beleza,157.60,True,"Barbeador Philips Aquatouch | Categoria: Beleza | Cor: champanhe | Material: malha respirável | Voltagem: bivolt | Peso: 31.14 kg | Dimensões: 175x192x67 cm | Capacidade: — | Potência: 735W | Conectividade: USB-C | Recursos: fácil instalação, assistência técnica nacional, design ergonômico | Garantia: 24 meses | Origem: China | Indicações de uso: estúdio | Compatível com: USB-C PD | Palavras-chave: beleza, champanhe, malha respirável, bivolt, —, 735W, USB-C, eficiência, durável, custo-benefício | Modi assumenda cupiditate vero quod non sit ipsa voluptate odit itaque sapiente."
33,Cama Box Queen 158cm,Móveis,1403.47,True,"Cama Box Queen 158cm | Categoria: Móveis | Cor: azul-marinho | Material: MDF | Voltagem: 110V | Peso: 10.53 kg | Dimensões: 194x59x45 cm | Capacidade: 120kg suportados | Potência: — | Conectividade: DisplayPort, Bluetooth 5.3, NFC | Recursos: resistente a riscos, design ergonômico, acabamento premium | Garantia: 6 meses | Origem: México | Indicações de uso: escritório | Compatível com: padrão ABNT | Palavras-chave: móveis, azul-marinho, MDF, 110V, 120kg suportados, —, DisplayPort, Bluetooth 5.3, NFC, eficiência, durável, custo-benefício | Beatae non totam quibusdam molestias doloremque laborum expedita similique voluptate voluptates molestias."
34,Micro-ondas Electrolux 20L,Eletrodomésticos,1918.27,True,"Micro-ondas Electrolux 20L | Categoria: Eletrodomésticos | Cor: prata | Material: MDF | Voltagem: bivolt | Peso: 43.85 kg | Dimensões: 151x84x21 cm | Capacidade: 2L | Potência: 2141W | Conectividade: Wi-Fi, NFC | Recursos: resistente a riscos, controle por app, acabamento premium, garantia 12 meses | Garantia: 6 meses | Origem: Brasil | Indicações de uso: escritório | Compatível com: Wi-Fi 2.4/5GHz | Palavras-chave: eletrodomésticos, prata, MDF, bivolt, 2L, 2141W, Wi-Fi, NFC, eficiência, durável, custo-benefício | Laboriosam voluptates natus ipsa odio totam."
35,Notebook Dell Inspiron 15,Informática,3277.57,True,"Notebook Dell Inspiron 15 | Categoria: Informática | Cor: preto | Material: ABS | Voltagem: bivolt | Peso: 36.54 kg | Dimensões: 87x31x36 cm | Capacidade: 256GB | Potência: — | Conectividade: DisplayPort, NFC, Bluetooth 5.3 | Recursos: resistente a riscos, controle por app, design ergonômico, fácil instalação, acabamento premium | Garantia: 12 meses | Origem: China | Indicações de uso: viagem | Compatível com: tomada padrão | Palavras-chave: informática, preto, ABS, bivolt, 256GB, —, DisplayPort, NFC, Bluetooth 5.3, eficiência, durável, custo-benefício | Accusamus odio eligendi dolorum commodi sint tenetur maiores."
36,Prancha Babyliss Pro Nano Titanium,Beleza,1140.25,True,"Prancha Babyliss Pro Nano Titanium | Categoria: Beleza | Cor: grafite | Material: MDF | Voltagem: 220V | Peso: 3.84 kg | Dimensões: 71x54x75 cm | Capacidade: 200°C | Potência: 1020W | Conectividade: HDMI | Recursos: controle por app, resistente a riscos, design ergonômico, baixo ruído, eficiência energética A | Garantia: 12 meses | Origem: China | Indicações de uso: estúdio | Compatível com: tomada padrão | Palavras-chave: beleza, grafite, MDF, 220V, 200°C, 1020W, HDMI, eficiência, durável, custo-benefício | Quam deleniti consequatur cupiditate necessitatibus qui minus minima illum."
37,Realme C55 256GB,Telefonia,5527.53,True,"Realme C55 256GB | Categoria: Telefonia | Cor: grafite | Material: vidro temperado | Voltagem: bivolt | Peso: 24.6 kg | Dimensões: 175x48x39 cm | Capacidade: 256GB | Potência: — | Conectividade: Wi-Fi | Recursos: design ergonômico, controle por app, resistente a riscos | Garantia: 6 meses | Origem: Vietnã | Indicações de uso: escritório | Compatível com: Wi-Fi 2.4/5GHz | Palavras-chave: telefonia, grafite, vidro temperado, bivolt, 256GB, —, Wi-Fi, eficiência, durável, custo-benefício | Facere et neque officiis voluptas odio vel provident recusandae nisi eaque."
38,Air Fryer Mondial 4L,Eletrodomésticos,3308.89,True,"Air Fryer Mondial 4L | Categoria: Eletrodomésticos | Cor: dourado | Material: aço inox | Voltagem: 110V | Peso: 33.11 kg | Dimensões: 164x74x8 cm | Capacidade: 11kg | Potência: 1068W | Conectividade: DisplayPort, NFC, Wi-Fi | Recursos: controle por app, baixo ruído, garantia 12 meses, assistência técnica nacional | Garantia: 24 meses | Origem: Vietnã | Indicações de uso: escritório | Compatível com: padrão ABNT | Palavras-chave: eletrodomésticos, dourado, aço inox, 110V, 11kg, 1068W, DisplayPort, NFC, Wi-Fi, eficiência, durável, custo-benefício | Doloremque ea ullam quasi rerum voluptates dicta."
39,Aparador de Pelos Philips OneBlade,Beleza,783.65,True,"Aparador de Pelos Philips OneBlade | Categoria: Beleza | Cor: branco | Material: tecido suede | Voltagem: 110V | Peso: 18.49 kg | Dimensões: 92x181x18 cm | Capacidade: 200°C | Potência: 1375W | Conectividade: NFC, HDMI | Recursos: fácil instalação, acabamento premium, baixo ruído, assistência técnica nacional | Garantia: 6 meses | Origem: China | Indicações de uso: escritório | Compatível com: USB-C PD | Palavras-chave: beleza, branco, tecido suede, 110V, 200°C, 1375W, NFC, HDMI, eficiência, durável, custo-benefício | Dolore ipsa nobis laborum expedita provident praesentium quod autem."
40,SSD NVMe Kingston 1TB,Informática,6935.50,True,"SSD NVMe Kingston 1TB | Categoria: Informática | Cor: preto | Material: malha respirável | Voltagem: 110V | Peso: 18.71 kg | Dimensões: 58x142x51 cm | Capacidade: 32GB RAM | Potência: — | Conectividade: HDMI, Wi-Fi, Bluetooth 5.3 | Recursos: acabamento premium, garantia 12 meses, design ergonômico, assistência técnica nacional | Garantia: 24 meses | Origem: Vietnã | Indicações de uso: doméstico | Compatível com: tomada padrão | Palavras-chave: informática, preto, malha respirável, 110V, 32GB RAM, —, HDMI, Wi-Fi, Bluetooth 5.3, eficiência, durável, custo-benefício | Facere rem rem quibusdam possimus ab."
41,Barbeador Philips Aquatouch,Beleza,869.15,True,"Barbeador Philips Aquatouch | Categoria: Beleza | Cor: preto | Material: malha respirável | Voltagem: 110V | Peso: 4.38 kg | Dimensões: 39x128x20 cm | Capacidade: 200°C | Potência: 1720W | Conectividade: USB-C, DisplayPort, NFC | Recursos: resistente a riscos, controle por app, assistência técnica nacional, acabamento premium, design ergonômico | Garantia: 6 meses | Origem: Vietnã | Indicações de uso: profissional | Compatível com: padrão ABNT | Palavras-chave: beleza, preto, malha respirável, 110V, 200°C, 1720W, USB-C, DisplayPort, NFC, eficiência, durável, custo-benefício | Id magnam earum temporibus nemo vitae culpa officia consequuntur necessitatibus minus quisquam quo."
42,Teclado Mecânico Redragon Kumara,Informática,6208.68,True,"Teclado Mecânico Redragon Kumara | Categoria: Informática | Cor: vermelho | Material: malha respirável | Voltagem: 110V | Peso: 36.96 kg | Dimensões: 82x195x43 cm | Capacidade: 32GB RAM | Potência: — | Conectividade: HDMI | Recursos: proteção contra sobrecarga, controle por app, fácil instalação, assistência técnica nacional, garantia 12 meses | Garantia: 6 meses | Origem: México | Indicações de uso: viagem | Compatível com: Wi-Fi 2.4/5GHz | Palavras-chave: informática, vermelho, malha respirável, 110V, 32GB RAM, —, HDMI, eficiência, durável, custo-benefício | Molestias beatae quae quo quaerat ipsam dolorem recusandae quam minima."
43,Carregador Turbo USB-C 30W,Telefonia,362.91,True,"Carregador Turbo USB-C 30W | Categoria: Telefonia | Cor: verde-oliva | Material: vidro temperado | Voltagem: 220V | Peso: 35.7 kg | Dimensões: 176x48x68 cm | Capacidade: 128GB | Potência: — | Conectividade: DisplayPort | Recursos: eficiência energética A, resistente a riscos, controle por app, design ergonômico | Garantia: 12 meses | Origem: Brasil | Indicações de uso: profissional | Compatível com: Wi-Fi 2.4/5GHz | Palavras-chave: telefonia, verde-oliva, vidro temperado, 220V, 128GB, —, DisplayPort, eficiência, durável, custo-benefício | Culpa soluta voluptas vel expedita tenetur beatae tempora vitae maiores quo quis."
44,Samsung Galaxy A54 5G 256GB,Telefonia,3318.26,False,"Samsung Galaxy A54 5G 256GB | Categoria: Telefonia | Cor: vermelho | Material: cerâmica | Voltagem: 220V | Peso: 18.01 kg | Dimensões: 30x94x73 cm | Capacidade: 6000mAh | Potência: — | Conectividade: NFC, HDMI | Recursos: controle por app, eficiência energética A | Garantia: 6 meses | Origem: China | Indicações de uso: profissional | Compatível com: tomada padrão | Palavras-chave: telefonia, vermelho, cerâmica, 220V, 6000mAh, —, NFC, HDMI, eficiência, durável, custo-benefício | Eos aperiam dicta voluptatem vitae facere minus ad aspernatur aliquam dolorem."
45,Escrivaninha 120x60cm MDP,Móveis,3070.23,True,"Escrivaninha 120x60cm MDP | Categoria: Móveis | Cor: branco | Material: tecido suede | Voltagem: bivolt | Peso: 31.29 kg | Dimensões: 17x21x46 cm | Capacidade: 120kg suportados | Potência: — | Conectividade: USB-C, NFC | Recursos: garantia 12 meses, assistência técnica nacional, fácil instalação, design ergonômico, proteção contra sobrecarga | Garantia: 6 meses | Origem: México | Indicações de uso: profissional | Compatível com: tomada padrão | Palavras-chave: móveis, branco, tecido suede, bivolt, 120kg suportados, —, USB-C, NFC, eficiência, durável, custo-benefício | Quibusdam debitis iure accusamus quaerat voluptatum dicta vero illo ut necessitatibus."
46,Aparador de Pelos Philips OneBlade,Beleza,766.47,True,"Aparador de Pelos Philips OneBlade | Categoria: Beleza | Cor: dourado | Material: ABS | Voltagem: bivolt | Peso: 20.86 kg | Dimensões: 75x127x37 cm | Capacidade: 200°C | Potência: 1652W | Conectividade: NFC, DisplayPort | Recursos: eficiência energética A, resistente a riscos, proteção contra sobrecarga | Garantia: 24 meses | Origem: China | Indicações de uso: estúdio | Compatível com: USB-C PD | Palavras-chave: beleza, dourado, ABS, bivolt, 200°C, 1652W, NFC, DisplayPort, eficiência, durável, custo-benefício | Quasi accusantium alias expedita iusto nostrum dolorem provident odit quae dolor voluptatibus."
47,Guarda-Roupa 6 Portas Cedro,Móveis,892.96,True,"Guarda-Roupa 6 Portas Cedro | Categoria: Móveis | Cor: champanhe | Material: alumínio | Voltagem: bivolt | Peso: 17.29 kg | Dimensões: 101x157x42 cm | Capacidade: — | Potência: — | Conectividade: Wi-Fi, HDMI | Recursos: baixo ruído, controle por app, resistente a riscos, fácil instalação | Garantia: 12 meses | Origem: México | Indicações de uso: viagem | Compatível com: USB-C PD | Palavras-chave: móveis, champanhe, alumínio, bivolt, —, —, Wi-Fi, HDMI, eficiência, durável, custo-benefício | Molestiae sapiente alias totam iste veniam quae aut."
48,Xiaomi Redmi Note 12 6GB/128GB,Telefonia,4368.98,True,"Xiaomi Redmi Note 12 6GB/128GB | Categoria: Telefonia | Cor: prata | Material: alumínio | Voltagem: 220V | Peso: 29.16 kg | Dimensões: 89x122x9 cm | Capacidade: 5000mAh | Potência: — | Conectividade: Bluetooth 5.3, Wi-Fi, USB-C | Recursos: fácil instalação, garantia 12 meses, assistência técnica nacional, eficiência energética A | Garantia: 24 meses | Origem: China | Indicações de uso: viagem | Compatível com: USB-C PD | Palavras-chave: telefonia, prata, alumínio, 220V, 5000mAh, —, Bluetooth 5.3, Wi-Fi, USB-C, eficiência, durável, custo-benefício | Autem officia dignissimos minus nemo vitae non officiis quasi suscipit et velit fugit."
49,Realme C55 256GB,Telefonia,6403.50,False,"Realme C55 256GB | Categoria: Telefonia | Cor: azul-marinho | Material: MDF BP | Voltagem: bivolt | Peso: 21.18 kg | Dimensões: 29x46x33 cm | Capacidade: 6000mAh | Potência: — | Conectividade: USB-C, Wi-Fi, HDMI | Recursos: design ergonômico, acabamento premium | Garantia: 6 meses | Origem: Vietnã | Indicações de uso: escritório | Compatível com: USB-C PD | Palavras-chave: telefonia, azul-marinho, MDF BP, bivolt, 6000mAh, —, USB-C, Wi-Fi, HDMI, eficiência, durável, custo-benefício | Tempore illum ad quos tempora at ducimus."
50,Aparador de Pelos Philips OneBlade,Beleza,997.56,False,"Aparador de Pelos Philips OneBlade | Categoria: Beleza | Cor: branco | Material: policarbonato | Voltagem: 110V | Peso: 1.32 kg | Dimensões: 153x93x33 cm | Capacidade: 200°C | Potência: 2001W | Conectividade: NFC, USB-C | Recursos: eficiência energética A, garantia 12 meses, baixo ruído, resistente a riscos, acabamento premium | Garantia: 12 meses | Origem: Brasil | Indicações de uso: doméstico | Compatível com: padrão ABNT | Palavras-chave: beleza, branco, policarbonato, 110V, 200°C, 2001W, NFC, USB-C, eficiência, durável, custo-benefício | Maiores aliquam enim praesentium itaque magni facilis laudantium animi."
51,Maquina de Cortar Cabelo Wahl Home Pro,Beleza,503.06,True,"Maquina de Cortar Cabelo Wahl Home Pro | Categoria: Beleza | Cor: cinza-escuro | Material: vidro temperado | Voltagem: 220V | Peso: 33.45 kg | Dimensões: 49x116x17 cm | Capacidade: — | Potência: 1960W | Conectividade: USB-C, Wi-Fi | Recursos: assistência técnica nacional, resistente a riscos, acabamento premium, eficiência energética A | Garantia: 12 meses | Origem: Brasil | Indicações de uso: escritório | Compatível com: USB-C PD | Palavras-chave: beleza, cinza-escuro, vidro temperado, 220V, —, 1960W, USB-C, Wi-Fi, eficiência, durável, custo-benefício | Impedit nam tempora quae numquam delectus porro asperiores aut laudantium a."
52,SSD NVMe Kingston 1TB,Informática,2293.95,False,"SSD NVMe Kingston 1TB | Categoria: Informática | Cor: champanhe | Material: alumínio | Voltagem: 220V | Peso: 9.7 kg | Dimensões: 173x162x7 cm | Capacidade: 256GB | Potência: 120W | Conectividade: Bluetooth 5.3 | Recursos: eficiência energética A, acabamento premium, assistência técnica nacional | Garantia: 24 meses | Origem: México | Indicações de uso: profissional | Compatível com: USB-C PD | Palavras-chave: informática, champanhe, alumínio, 220V, 256GB, 120W, Bluetooth 5.3, eficiência, durável, custo-benefício | Sed quia id molestiae quo rem atque atque perferendis corporis modi."
53,Fone TWS QCY T13,Telefonia,79.68,True,"Fone TWS QCY T13 | Categoria: Telefonia | Cor: prata | Material: ABS | Voltagem: 220V | Peso: 11.43 kg | Dimensões: 54x38x8 cm | Capacidade: 256GB | Potência: — | Conectividade: USB-C | Recursos: controle por app, proteção contra sobrecarga, baixo ruído | Garantia: 6 meses | Origem: China | Indicações de uso: doméstico | Compatível com: padrão ABNT | Palavras-chave: telefonia, prata, ABS, 220V, 256GB, —, USB-C, eficiência, durável, custo-benefício | Vitae dolorem minima modi sapiente officiis enim."
54,Cama Box Queen 158cm,Móveis,560.96,True,"Cama Box Queen 158cm | Categoria: Móveis | Cor: champanhe | Material: MDF BP | Voltagem: 220V | Peso: 26.8 kg | Dimensões: 125x138x33 cm | Capacidade: — | Potência: — | Conectividade: NFC | Recursos: resistente a riscos, baixo ruído, acabamento premium, assistência técnica nacional | Garantia: 12 meses | Origem: Vietnã | Indicações de uso: doméstico | Compatível com: Wi-Fi 2.4/5GHz | Palavras-chave: móveis, champanhe, MDF BP, 220V, —, —, NFC, eficiência, durável, custo-benefício | A repellendus occaecati ullam blanditiis quia placeat sunt."
55,Escrivaninha 120x60cm MDP,Móveis,3609.16,True,"Escrivaninha 120x60cm MDP | Categoria: Móveis | Cor: prata | Material: alumínio | Voltagem: bivolt | Peso: 12.52 kg | Dimensões: 172x159x75 cm | Capacidade: — | Potência: — | Conectividade: HDMI, DisplayPort | Recursos: resistente a riscos, acabamento premium, fácil instalação, baixo ruído | Garantia: 24 meses | Origem: Brasil | Indicações de uso: viagem | Compatível com: padrão ABNT | Palavras-chave: móveis, prata, alumínio, bivolt, —, —, HDMI, DisplayPort, eficiência, durável, custo-benefício | Nulla reiciendis nemo minus incidunt odit aut."
56,Estante Livreiro 5 Prateleiras,Móveis,3565.79,True,"Estante Livreiro 5 Prateleiras | Categoria: Móveis | Cor: champanhe | Material: vidro temperado | Voltagem: 110V | Peso: 32.89 kg | Dimensões: 90x119x45 cm | Capacidade: — | Potência: — | Conectividade: USB-C, Bluetooth 5.3 | Recursos: eficiência energética A, controle por app, acabamento premium, baixo ruído, assistência técnica nacional | Garantia: 6 meses | Origem: China | Indicações de uso: profissional | Compatível com: tomada padrão | Palavras-chave: móveis, champanhe, vidro temperado, 110V, —, —, USB-C, Bluetooth 5.3, eficiência, durável, custo-benefício | Magni iusto alias corporis architecto esse cum fugit architecto aliquam corrupti laborum voluptatum."
57,Kit Manicure Profissional,Beleza,700.32,True,"Kit Manicure Profissional | Categoria: Beleza | Cor: verde-oliva | Material: MDF BP | Voltagem: 220V | Peso: 42.36 kg | Dimensões: 118x194x11 cm | Capacidade: — | Potência: 1929W | Conectividade: USB-C, Wi-Fi | Recursos: garantia 12 meses, resistente a riscos, assistência técnica nacional | Garantia: 6 meses | Origem: China | Indicações de uso: viagem | Compatível com: USB-C PD | Palavras-chave: beleza, verde-oliva, MDF BP, 220V, —, 1929W, USB-C, Wi-Fi, eficiência, durável, custo-benefício | Est cumque eveniet corporis facilis aspernatur cumque unde repellendus eveniet nostrum."
58,Teclado Mecânico Redragon Kumara,Informática,4643.91,True,"Teclado Mecânico Redragon Kumara | Categoria: Informática | Cor: cinza-escuro | Material: cerâmica | Voltagem: 220V | Peso: 30.44 kg | Dimensões: 152x16x39 cm | Capacidade: 256GB | Potência: 90W | Conectividade: NFC, USB-C | Recursos: proteção contra sobrecarga, baixo ruído, garantia 12 meses, fácil instalação | Garantia: 6 meses | Origem: Vietnã | Indicações de uso: doméstico | Compatível com: padrão ABNT | Palavras-chave: informática, cinza-escuro, cerâmica, 220V, 256GB, 90W, NFC, USB-C, eficiência, durável, custo-benefício | Qui soluta voluptatibus quia eligendi at recusandae labore tenetur totam."
59,Notebook Dell Inspiron 15,Informática,5999.36,True,"Notebook Dell Inspiron 15 | Categoria: Informática | Cor: verde-oliva | Material: tecido suede | Voltagem: 110V | Peso: 7.25 kg | Dimensões: 89x194x46 cm | Capacidade: 32GB RAM | Potência: 65W | Conectividade: Bluetooth 5.3 | Recursos: controle por app, baixo ruído, eficiência energética A | Garantia: 12 meses | Origem: Vietnã | Indicações de uso: estúdio | Compatível com: Wi-Fi 2.4/5GHz | Palavras-chave: informática, verde-oliva, tecido suede, 110V, 32GB RAM, 65W, Bluetooth 5.3, eficiência, durável, custo-benefício | Architecto repellat beatae nulla officiis possimus nulla fugit quam."
60,Escova Modeladora Conair,Beleza,532.17,True,"Escova Modeladora Conair | Categoria: Beleza | Cor: cinza-escuro | Material: alumínio | Voltagem: 110V | Peso: 19.46 kg | Dimensões: 82x183x80 cm | Capacidade: — | Potência: 1779W | Conectividade: USB-C, Wi-Fi, Bluetooth 5.3 | Recursos: controle por app, baixo ruído, acabamento premium, eficiência energética A, garantia 12 meses | Garantia: 6 meses | Origem: México | Indicações de uso: escritório | Compatível com: USB-C PD | Palavras-chave: beleza, cinza-escuro, alumínio, 110V, —, 1779W, USB-C, Wi-Fi, Bluetooth 5.3, eficiência, durável, custo-benefício | Laborum nihil facilis nemo voluptate velit ullam iure sunt eaque a exercitationem."
61,Ar-Condicionado LG Dual Inverter 12.000 BTU,Eletrodomésticos,195.22,True,"Ar-Condicionado LG Dual Inverter 12.000 BTU | Categoria: Eletrodomésticos | Cor: prata | Material: ABS | Voltagem: 110V | Peso: 24.06 kg | Dimensões: 68x138x76 cm | Capacidade: 2L | Potência: 1325W | Conectividade: HDMI | Recursos: fácil instalação, baixo ruído | Garantia: 12 meses | Origem: Brasil | Indicações de uso: escritório | Compatível com: Wi-Fi 2.4/5GHz | Palavras-chave: eletrodomésticos, prata, ABS, 110V, 2L, 1325W, HDMI, eficiência, durável, custo-benefício | Expedita perferendis magni iusto nam excepturi porro optio corrupti."
62,Aparador de Pelos Philips OneBlade,Beleza,868.83,True,"Aparador de Pelos Philips OneBlade | Categoria: Beleza | Cor: branco | Material: vidro temperado | Voltagem: bivolt | Peso: 43.49 kg | Dimensões: 53x168x63 cm | Capacidade: — | Potência: 880W | Conectividade: Wi-Fi, Bluetooth 5.3 | Recursos: controle por app, fácil instalação, eficiência energética A, assistência técnica nacional, garantia 12 meses | Garantia: 24 meses | Origem: China | Indicações de uso: profissional | Compatível com: USB-C PD | Palavras-chave: beleza, branco, vidro temperado, bivolt, —, 880W, Wi-Fi, Bluetooth 5.3, eficiência, durável, custo-benefício | Ea repudiandae cumque error libero quidem atque cupiditate sed."
63,Samsung Galaxy A54 5G 256GB,Telefonia,3602.75,True,"Samsung Galaxy A54 5G 256GB | Categoria: Telefonia | Cor: cinza-escuro | Material: policarbonato | Voltagem: 110V | Peso: 15.93 kg | Dimensões: 175x47x35 cm | Capacidade: 128GB | Potência: — | Conectividade: USB-C | Recursos: garantia 12 meses, controle por app, eficiência energética A | Garantia: 6 meses | Origem: Vietnã | Indicações de uso: estúdio | Compatível com: Wi-Fi 2.4/5GHz | Palavras-chave: telefonia, cinza-escuro, policarbonato, 110V, 128GB, —, USB-C, eficiência, durável, custo-benefício | Quisquam ex repudiandae ea omnis quaerat delectus incidunt illum aperiam velit."
64,Modelador de Cachos Taiff,Beleza,428.46,False,"Modelador de Cachos Taiff | Categoria: Beleza | Cor: vermelho | Material: ABS | Voltagem: 110V | Peso: 3.26 kg | Dimensões: 123x171x43 cm | Capacidade: — | Potência: 1911W | Conectividade: USB-C | Recursos: design ergonômico, resistente a riscos | Garantia: 12 meses | Origem: Brasil | Indicações de uso: doméstico | Compatível com: USB-C PD | Palavras-chave: beleza, vermelho, ABS, 110V, —, 1911W, USB-C, eficiência, durável, custo-benefício | Quas quia cumque officia blanditiis expedita consequatur similique dolorem nobis repellat eveniet natus."
65,Ar-Condicionado LG Dual Inverter 12.000 BTU,Eletrodomésticos,3921.30,False,"Ar-Condicionado LG Dual Inverter 12.000 BTU | Categoria: Eletrodomésticos | Cor: branco | Material: cerâmica | Voltagem: 220V | Peso: 22.92 kg | Dimensões: 128x158x75 cm | Capacidade: 2L | Potência: 684W | Conectividade: DisplayPort, Bluetooth 5.3 | Recursos: controle por app, resistente a riscos, garantia 12 meses, baixo ruído | Garantia: 12 meses | Origem: Brasil | Indicações de uso: escritório | Compatível com: tomada padrão | Palavras-chave: eletrodomésticos, branco, cerâmica, 220V, 2L, 684W, DisplayPort, Bluetooth 5.3, eficiência, durável, custo-benefício | Ipsam dicta aliquam nobis perspiciatis odit totam totam libero."
66,Maquina de Cortar Cabelo Wahl Home Pro,Beleza,104.62,True,"Maquina de Cortar Cabelo Wahl Home Pro | Categoria: Beleza | Cor: champanhe | Material: malha respirável | Voltagem: 220V | Peso: 27.52 kg | Dimensões: 103x105x41 cm | Capacidade: — | Potência: 1537W | Conectividade: NFC, DisplayPort | Recursos: proteção contra sobrecarga, eficiência energética A | Garantia: 12 meses | Origem: Brasil | Indicações de uso: viagem | Compatível com: Wi-Fi 2.4/5GHz | Palavras-chave: beleza, champanhe, malha respirável, 220V, —, 1537W, NFC, DisplayPort, eficiência, durável, custo-benefício | Maxime deleniti non tenetur corrupti ut dolor occaecati repudiandae voluptas hic."
67,Fogão 4 Bocas Atlas Mônaco,Eletrodomésticos,4383.84,True,"Fogão 4 Bocas Atlas Mônaco | Categoria: Eletrodomésticos | Cor: dourado | Material: ABS | Voltagem: 110V | Peso: 3.85 kg | Dimensões: 179x46x49 cm | Capacidade: 20L | Potência: 1943W | Conectividade: NFC, HDMI, Bluetooth 5.3 | Recursos: design ergonômico, acabamento premium | Garantia: 12 meses | Origem: China | Indicações de uso: profissional | Compatível com: tomada padrão | Palavras-chave: eletrodomésticos, dourado, ABS, 110V, 20L, 1943W, NFC, HDMI, Bluetooth 5.3, eficiência, durável, custo-benefício | Magni quam expedita repellendus aliquid animi facere quia numquam quia."
68,Cama Box Queen 158cm,Móveis,1523.89,True,"Cama Box Queen 158cm | Categoria: Móveis | Cor: prata | Material: policarbonato | Voltagem: 110V | Peso: 42.66 kg | Dimensões: 134x59x33 cm | Capacidade: 120kg suportados | Potência: — | Conectividade: Wi-Fi | Recursos: eficiência energética A, acabamento premium, baixo ruído, proteção contra sobrecarga | Garantia: 12 meses | Origem: México | Indicações de uso: viagem | Compatível com: Wi-Fi 2.4/5GHz | Palavras-chave: móveis, prata, policarbonato, 110V, 120kg suportados, —, Wi-Fi, eficiência, durável, custo-benefício | Sequi libero officiis incidunt enim neque eum voluptatem harum."
69,Motorola Moto G84 5G,Telefonia,1315.07,True,"Motorola Moto G84 5G | Categoria: Telefonia | Cor: dourado | Material: ABS | Voltagem: 220V | Peso: 19.81 kg | Dimensões: 115x103x35 cm | Capacidade: 6000mAh | Potência: — | Conectividade: USB-C, HDMI, Bluetooth 5.3 | Recursos: design ergonômico, resistente a riscos, assistência técnica nacional | Garantia: 12 meses | Origem: Vietnã | Indicações de uso: estúdio | Compatível com: USB-C PD | Palavras-chave: telefonia, dourado, ABS, 220V, 6000mAh, —, USB-C, HDMI, Bluetooth 5.3, eficiência, durável, custo-benefício | Ipsam nemo eos hic dicta soluta quo corporis."
70,Cama Box Queen 158cm,Móveis,2166.54,False,"Cama Box Queen 158cm | Categoria: Móveis | Cor: grafite | Material: cerâmica | Voltagem: bivolt | Peso: 39.31 kg | Dimensões: 23x174x66 cm | Capacidade: 200kg suportados | Potência: — | Conectividade: Wi-Fi, DisplayPort, NFC | Recursos: eficiência energética A, garantia 12 meses, design ergonômico, assistência técnica nacional | Garantia: 24 meses | Origem: México | Indicações de uso: estúdio | Compatível com: tomada padrão | Palavras-chave: móveis, grafite, cerâmica, bivolt, 200kg suportados, —, Wi-Fi, DisplayPort, NFC, eficiência, durável, custo-benefício | Perferendis aliquid velit cupiditate quia possimus quo vitae nobis occaecati quisquam cupiditate."
71,Cabo USB-C Anker 1.8m,Telefonia,6199.33,False,"Cabo USB-C Anker 1.8m | Categoria: Telefonia | Cor: verde-oliva | Material: aço inox | Voltagem: 110V | Peso: 22.69 kg | Dimensões: 70x108x15 cm | Capacidade: 5000mAh | Potência: — | Conectividade: Wi-Fi | Recursos: eficiência energética A, proteção contra sobrecarga, garantia 12 meses, controle por app | Garantia: 6 meses | Origem: China | Indicações de uso: estúdio | Compatível com: padrão ABNT | Palavras-chave: telefonia, verde-oliva, aço inox, 110V, 5000mAh, —, Wi-Fi, eficiência, durável, custo-benefício | Ut accusantium eius architecto sed blanditiis nihil sed ullam suscipit."
72,Estante Livreiro 5 Prateleiras,Móveis,2507.55,False,"Estante Livreiro 5 Prateleiras | Categoria: Móveis | Cor: preto | Material: MDF | Voltagem: bivolt | Peso: 37.61 kg | Dimensões: 150x196x72 cm | Capacidade: 200kg suportados | Potência: — | Conectividade: USB-C | Recursos: design ergonômico, eficiência energética A, baixo ruído | Garantia: 6 meses | Origem: Vietnã | Indicações de uso: viagem | Compatível com: Wi-Fi 2.4/5GHz | Palavras-chave: móveis, preto, MDF, bivolt, 200kg suportados, —, USB-C, eficiência, durável, custo-benefício | Laudantium non labore a excepturi ipsa cupiditate deleniti quibusdam error tempore consequatur."
73,Notebook Dell Inspiron 15,Informática,6713.10,True,"Notebook Dell Inspiron 15 | Categoria: Informática | Cor: cinza-escuro | Material: aço inox | Voltagem: 220V | Peso: 23.29 kg | Dimensões: 71x193x23 cm | Capacidade: 1TB | Potência: — | Conectividade: DisplayPort | Recursos: assistência técnica nacional, fácil instalação, garantia 12 meses, proteção contra sobrecarga | Garantia: 24 meses | Origem: Brasil | Indicações de uso: viagem | Compatível com: USB-C PD | Palavras-chave: informática, cinza-escuro, aço inox, 220V, 1TB, —, DisplayPort, eficiência, durável, custo-benefício | Animi exercitationem odit sint eaque odio commodi mollitia nisi maxime laborum harum doloribus."
74,Placa de Vídeo NVIDIA GeForce RTX 4060,Informática,4407.37,True,"Placa de Vídeo NVIDIA GeForce RTX 4060 | Categoria: Informática | Cor: cinza-escuro | Material: malha respirável | Voltagem: bivolt | Peso: 17.69 kg | Dimensões: 130x21x54 cm | Capacidade: 1TB | Potência: 120W | Conectividade: Wi-Fi, USB-C, NFC | Recursos: assistência técnica nacional, eficiência energética A, proteção contra sobrecarga, acabamento premium | Garantia: 6 meses | Origem: China | Indicações de uso: viagem | Compatível com: USB-C PD | Palavras-chave: informática, cinza-escuro, malha respirável, bivolt, 1TB, 120W, Wi-Fi, USB-C, NFC, eficiência, durável, custo-benefício | Repellendus assumenda labore quidem earum dicta ipsum dolor non aliquid eligendi."
75,Cabo USB-C Anker 1.8m,Telefonia,6866.89,True,"Cabo USB-C Anker 1.8m | Categoria: Telefonia | Cor: prata | Material: ABS | Voltagem: bivolt | Peso: 32.28 kg | Dimensões: 127x19x42 cm | Capacidade: 256GB | Potência: — | Conectividade: Bluetooth 5.3 | Recursos: proteção contra sobrecarga, design ergonômico | Garantia: 24 meses | Origem: Vietnã | Indicações de uso: viagem | Compatível com: Wi-Fi 2.4/5GHz | Palavras-chave: telefonia, prata, ABS, bivolt, 256GB, —, Bluetooth 5.3, eficiência, durável, custo-benefício | Non neque blanditiis eum enim nulla sed eum sint autem."
76,Geladeira Brastemp Frost Free 375L,Eletrodomésticos,4556.75,True,"Geladeira Brastemp Frost Free 375L | Categoria: Eletrodomésticos | Cor: vermelho | Material: aço inox | Voltagem: 220V | Peso: 15.07 kg | Dimensões: 41x104x60 cm | Capacidade: 4L | Potência: 2122W | Conectividade: HDMI, USB-C | Recursos: resistente a riscos, controle por app, proteção contra sobrecarga | Garantia: 24 meses | Origem: China | Indicações de uso: doméstico | Compatível com: Wi-Fi 2.4/5GHz | Palavras-chave: eletrodomésticos, vermelho, aço inox, 220V, 4L, 2122W, HDMI, USB-C, eficiência, durável, custo-benefício | Eveniet natus voluptates ducimus laborum vitae repellendus totam in minus non."
77,SSD NVMe Kingston 1TB,Informática,4867.33,True,"SSD NVMe Kingston 1TB | Categoria: Informática | Cor: cinza-escuro | Material: MDF | Voltagem: 110V | Peso: 4.8 kg | Dimensões: 93x179x42 cm | Capacidade: 1TB | Potência: — | Conectividade: NFC, HDMI, Bluetooth 5.3 | Recursos: proteção contra sobrecarga, resistente a riscos, baixo ruído, controle por app, garantia 12 meses | Garantia: 24 meses | Origem: Vietnã | Indicações de uso: escritório | Compatível com: tomada padrão | Palavras-chave: informática, cinza-escuro, MDF, 110V, 1TB, —, NFC, HDMI, Bluetooth 5.3, eficiência, durável, custo-benefício | Eum perspiciatis laboriosam dolores quidem incidunt laborum est veniam quis."
78,SSD NVMe Kingston 1TB,Informática,2982.89,True,"SSD NVMe Kingston 1TB | Categoria: Informática | Cor: prata | Material: aço inox | Voltagem: bivolt | Peso: 38.22 kg | Dimensões: 183x122x9 cm | Capacidade: 512GB | Potência: 65W | Conectividade: NFC | Recursos: proteção contra sobrecarga, fácil instalação, baixo ruído, design ergonômico | Garantia: 6 meses | Origem: Vietnã | Indicações de uso: escritório | Compatível com: USB-C PD | Palavras-chave: informática, prata, aço inox, bivolt, 512GB, 65W, NFC, eficiência, durável, custo-benefício | Nulla voluptatibus ut fugiat assumenda nam veniam dolorem eaque quas."
79,Escrivaninha 120x60cm MDP,Móveis,2346.82,True,"Escrivaninha 120x60cm MDP | Categoria: Móveis | Cor: verde-oliva | Material: MDF BP | Voltagem: 220V | Peso: 12.69 kg | Dimensões: 39x16x28 cm | Capacidade: 200kg suportados | Potência: — | Conectividade: HDMI, DisplayPort, Wi-Fi | Recursos: design ergonômico, resistente a riscos, assistência técnica nacional, controle por app | Garantia: 12 meses | Origem: Vietnã | Indicações de uso: profissional | Compatível com: tomada padrão | Palavras-chave: móveis, verde-oliva, MDF BP, 220V, 200kg suportados, —, HDMI, DisplayPort, Wi-Fi, eficiência, durável, custo-benefício | Sequi exercitationem dolore commodi perspiciatis consequatur consequatur placeat corrupti quos voluptatum fuga error."
80,Samsung Galaxy A54 5G 256GB,Telefonia,3197.18,False,"Samsung Galaxy A54 5G 256GB | Categoria: Telefonia | Cor: champanhe | Material: alumínio | Voltagem: 220V | Peso: 43.55 kg | Dimensões: 91x180x49 cm | Capacidade: 128GB | Potência: — | Conectividade: DisplayPort, USB-C, NFC | Recursos: garantia 12 meses, proteção contra sobrecarga, assistência técnica nacional | Garantia: 6 meses | Origem: México | Indicações de uso: profissional | Compatível com: padrão ABNT | Palavras-chave: telefonia, champanhe, alumínio, 220V, 128GB, —, DisplayPort, USB-C, NFC, eficiência, durável, custo-benefício | Tempora error repellat vitae maiores tempora at cum tempora ipsa dolorem."
81,Cadeira Gamer DT3 Sports,Móveis,1520.28,True,"Cadeira Gamer DT3 Sports | Categoria: Móveis | Cor: champanhe | Material: malha respirável | Voltagem: bivolt | Peso: 27.62 kg | Dimensões: 32x26x44 cm | Capacidade: 200kg suportados | Potência: — | Conectividade: NFC, HDMI, DisplayPort | Recursos: controle por app, eficiência energética A, garantia 12 meses, resistente a riscos, proteção contra sobrecarga | Garantia: 6 meses | Origem: Vietnã | Indicações de uso: estúdio | Compatível com: USB-C PD | Palavras-chave: móveis, champanhe, malha respirável, bivolt, 200kg suportados, —, NFC, HDMI, DisplayPort, eficiência, durável, custo-benefício | Deleniti dolorum unde sint corrupti id odio iste pariatur vitae."
82,Power Bank Baseus 20.000mAh,Telefonia,4500.17,True,"Power Bank Baseus 20.000mAh | Categoria: Telefonia | Cor: prata | Material: vidro temperado | Voltagem: 220V | Peso: 41.0 kg | Dimensões: 24x41x71 cm | Capacidade: 256GB | Potência: — | Conectividade: Bluetooth 5.3, NFC | Recursos: assistência técnica nacional, proteção contra sobrecarga, design ergonômico, fácil instalação | Garantia: 6 meses | Origem: China | Indicações de uso: profissional | Compatível com: USB-C PD | Palavras-chave: telefonia, prata, vidro temperado, 220V, 256GB, —, Bluetooth 5.3, NFC, eficiência, durável, custo-benefício | Perspiciatis pariatur vitae mollitia eum ut unde voluptatum deleniti debitis."
83,Realme C55 256GB,Telefonia,4324.13,True,"Realme C55 256GB | Categoria: Telefonia | Cor: prata | Material: cerâmica | Voltagem: 220V | Peso: 7.11 kg | Dimensões: 178x169x48 cm | Capacidade: 128GB | Potência: — | Conectividade: Wi-Fi | Recursos: controle por app, design ergonômico | Garantia: 24 meses | Origem: México | Indicações de uso: viagem | Compatível com: Wi-Fi 2.4/5GHz | Palavras-chave: telefonia, prata, cerâmica, 220V, 128GB, —, Wi-Fi, eficiência, durável, custo-benefício | Impedit est cum quod accusamus veritatis corrupti quae quis officiis."
84,Secador de Cabelo Taiff 2000W,Beleza,627.76,True,"Secador de Cabelo Taiff 2000W | Categoria: Beleza | Cor: azul-marinho | Material: MDF | Voltagem: 110V | Peso: 11.17 kg | Dimensões: 185x113x43 cm | Capacidade: — | Potência: 849W | Conectividade: Wi-Fi, Bluetooth 5.3, HDMI | Recursos: resistente a riscos, controle por app, assistência técnica nacional, garantia 12 meses, design ergonômico | Garantia: 6 meses | Origem: China | Indicações de uso: escritório | Compatível com: USB-C PD | Palavras-chave: beleza, azul-marinho, MDF, 110V, —, 849W, Wi-Fi, Bluetooth 5.3, HDMI, eficiência, durável, custo-benefício | Quaerat numquam nulla ratione dolore recusandae."
85,Sofá 3 Lugares Retrátil Suede,Móveis,3071.38,True,"Sofá 3 Lugares Retrátil Suede | Categoria: Móveis | Cor: branco | Material: MDF BP | Voltagem: bivolt | Peso: 21.1 kg | Dimensões: 78x125x36 cm | Capacidade: 120kg suportados | Potência: — | Conectividade: Wi-Fi | Recursos: fácil instalação, controle por app, assistência técnica nacional, acabamento premium | Garantia: 6 meses | Origem: China | Indicações de uso: viagem | Compatível com: USB-C PD | Palavras-chave: móveis, branco, MDF BP, bivolt, 120kg suportados, —, Wi-Fi, eficiência, durável, custo-benefício | Dolorum repellendus animi doloremque molestiae eaque nobis recusandae."
86,Motorola Moto G84 5G,Telefonia,3517.96,True,"Motorola Moto G84 5G | Categoria: Telefonia | Cor: champanhe | Material: MDF | Voltagem: 110V | Peso: 1.24 kg | Dimensões: 110x139x63 cm | Capacidade: 256GB | Potência: — | Conectividade: DisplayPort | Recursos: baixo ruído, controle por app, design ergonômico, assistência técnica nacional | Garantia: 24 meses | Origem: Vietnã | Indicações de uso: escritório | Compatível com: tomada padrão | Palavras-chave: telefonia, champanhe, MDF, 110V, 256GB, —, DisplayPort, eficiência, durável, custo-benefício | Soluta expedita consectetur perferendis necessitatibus veritatis libero recusandae cum tenetur."
87,SSD NVMe Kingston 1TB,Informática,1175.41,True,"SSD NVMe Kingston 1TB | Categoria: Informática | Cor: vermelho | Material: vidro temperado | Voltagem: 110V | Peso: 2.23 kg | Dimensões: 23x155x76 cm | Capacidade: 512GB | Potência: 120W | Conectividade: USB-C, Wi-Fi, HDMI | Recursos: acabamento premium, design ergonômico, eficiência energética A, resistente a riscos, baixo ruído | Garantia: 12 meses | Origem: China | Indicações de uso: escritório | Compatível com: USB-C PD | Palavras-chave: informática, vermelho, vidro temperado, 110V, 512GB, 120W, USB-C, Wi-Fi, HDMI, eficiência, durável, custo-benefício | Nobis similique vitae assumenda excepturi voluptate excepturi."
88,Xiaomi Redmi Note 12 6GB/128GB,Telefonia,4241.09,True,"Xiaomi Redmi Note 12 6GB/128GB | Categoria: Telefonia | Cor: preto | Material: aço inox | Voltagem: bivolt | Peso: 6.34 kg | Dimensões: 95x131x71 cm | Capacidade: 6000mAh | Potência: — | Conectividade: DisplayPort | Recursos: proteção contra sobrecarga, controle por app, garantia 12 meses | Garantia: 12 meses | Origem: China | Indicações de uso: viagem | Compatível com: USB-C PD | Palavras-chave: telefonia, preto, aço inox, bivolt, 6000mAh, —, DisplayPort, eficiência, durável, custo-benefício | Quasi vitae doloribus ad quis laboriosam."
89,Kit Manicure Profissional,Beleza,666.87,True,"Kit Manicure Profissional | Categoria: Beleza | Cor: azul-marinho | Material: tecido suede | Voltagem: bivolt | Peso: 16.7 kg | Dimensões: 182x38x58 cm | Capacidade: — | Potência: 2185W | Conectividade: NFC, Wi-Fi, HDMI | Recursos: controle por app, assistência técnica nacional, baixo ruído, design ergonômico | Garantia: 12 meses | Origem: México | Indicações de uso: viagem | Compatível com: Wi-Fi 2.4/5GHz | Palavras-chave: beleza, azul-marinho, tecido suede, bivolt, —, 2185W, NFC, Wi-Fi, HDMI, eficiência, durável, custo-benefício | Facere veniam repellat eos dolor est quibusdam necessitatibus cupiditate reiciendis sed."
90,Xiaomi Redmi Note 12 6GB/128GB,Telefonia,279.10,False,"Xiaomi Redmi Note 12 6GB/128GB | Categoria: Telefonia | Cor: branco | Material: policarbonato | Voltagem: bivolt | Peso: 19.96 kg | Dimensões: 117x48x57 cm | Capacidade: 256GB | Potência: — | Conectividade: DisplayPort, NFC | Recursos: baixo ruído, garantia 12 meses, assistência técnica nacional, design ergonômico, acabamento premium | Garantia: 24 meses | Origem: Vietnã | Indicações de uso: viagem | Compatível com: Wi-Fi 2.4/5GHz | Palavras-chave: telefonia, branco, policarbonato, bivolt, 256GB, —, DisplayPort, NFC, eficiência, durável, custo-benefício | Laborum perferendis ab asperiores distinctio ad vel rem numquam."
91,Micro-ondas Electrolux 20L,Eletrodomésticos,2839.03,True,"Micro-ondas Electrolux 20L | Categoria: Eletrodomésticos | Cor: cinza-escuro | Material: MDF BP | Voltagem: 220V | Peso: 34.79 kg | Dimensões: 194x184x38 cm | Capacidade: 500ml | Potência: 1591W | Conectividade: Bluetooth 5.3 | Recursos: acabamento premium, design ergonômico, assistência técnica nacional, garantia 12 meses | Garantia: 12 meses | Origem: México | Indicações de uso: estúdio | Compatível com: USB-C PD | Palavras-chave: eletrodomésticos, cinza-escuro, MDF BP, 220V, 500ml, 1591W, Bluetooth 5.3, eficiência, durável, custo-benefício | Neque nisi quos et optio id consequatur nostrum libero cum inventore vitae veritatis."
92,Mesa de Jantar 4 Lugares,Móveis,2294.69,False,"Mesa de Jantar 4 Lugares | Categoria: Móveis | Cor: azul-marinho | Material: MDF | Voltagem: bivolt | Peso: 25.89 kg | Dimensões: 149x107x55 cm | Capacidade: 200kg suportados | Potência: — | Conectividade: USB-C | Recursos: design ergonômico, eficiência energética A | Garantia: 12 meses | Origem: Vietnã | Indicações de uso: escritório | Compatível com: Wi-Fi 2.4/5GHz | Palavras-chave: móveis, azul-marinho, MDF, bivolt, 200kg suportados, —, USB-C, eficiência, durável, custo-benefício | Voluptas possimus accusamus doloribus commodi ad earum veritatis ipsa neque."
93,Xiaomi Redmi Note 12 6GB/128GB,Telefonia,5805.98,True,"Xiaomi Redmi Note 12 6GB/128GB | Categoria: Telefonia | Cor: cinza-escuro | Material: MDF | Voltagem: bivolt | Peso: 5.09 kg | Dimensões: 199x160x35 cm | Capacidade: 256GB | Potência: — | Conectividade: NFC | Recursos: assistência técnica nacional, baixo ruído, eficiência energética A | Garantia: 12 meses | Origem: China | Indicações de uso: estúdio | Compatível com: tomada padrão | Palavras-chave: telefonia, cinza-escuro, MDF, bivolt, 256GB, —, NFC, eficiência, durável, custo-benefício | Consequatur iure vitae natus illum distinctio eos eveniet dolor sapiente quo et aut error."
94,iPhone 13 128GB,Telefonia,6753.76,False,"iPhone 13 128GB | Categoria: Telefonia | Cor: prata | Material: vidro temperado | Voltagem: 220V | Peso: 42.09 kg | Dimensões: 131x132x30 cm | Capacidade: 5000mAh | Potência: — | Conectividade: USB-C, Wi-Fi | Recursos: controle por app, assistência técnica nacional | Garantia: 24 meses | Origem: Brasil | Indicações de uso: profissional | Compatível com: Wi-Fi 2.4/5GHz | Palavras-chave: telefonia, prata, vidro temperado, 220V, 5000mAh, —, USB-C, Wi-Fi, eficiência, durável, custo-benefício | Laborum nobis aperiam dignissimos tempora ab aperiam perspiciatis veritatis reprehenderit fugiat deleniti."
95,iPhone 13 128GB,Telefonia,6980.37,True,"iPhone 13 128GB | Categoria: Telefonia | Cor: champanhe | Material: ABS | Voltagem: 220V | Peso: 43.3 kg | Dimensões: 84x19x6 cm | Capacidade: 5000mAh | Potência: — | Conectividade: DisplayPort, Wi-Fi, USB-C | Recursos: resistente a riscos, acabamento premium, controle por app, eficiência energética A | Garantia: 24 meses | Origem: Vietnã | Indicações de uso: escritório | Compatível com: padrão ABNT | Palavras-chave: telefonia, champanhe, ABS, 220V, 5000mAh, —, DisplayPort, Wi-Fi, USB-C, eficiência, durável, custo-benefício | Commodi dolores officia sit sequi culpa debitis quaerat id vero praesentium."
96,Mouse Logitech MX Master 3S,Informática,1400.45,True,"Mouse Logitech MX Master 3S | Categoria: Informática | Cor: azul-marinho | Material: ABS | Voltagem: bivolt | Peso: 33.2 kg | Dimensões: 85x155x29 cm | Capacidade: 512GB | Potência: — | Conectividade: DisplayPort, USB-C | Recursos: fácil instalação, eficiência energética A | Garantia: 6 meses | Origem: México | Indicações de uso: estúdio | Compatível com: USB-C PD | Palavras-chave: informática, azul-marinho, ABS, bivolt, 512GB, —, DisplayPort, USB-C, eficiência, durável, custo-benefício | Repellat unde hic voluptate dolore quisquam ipsam."
97,iPhone 13 128GB,Telefonia,1869.85,True,"iPhone 13 128GB | Categoria: Telefonia | Cor: azul-marinho | Material: MDF BP | Voltagem: 110V | Peso: 26.29 kg | Dimensões: 156x12x38 cm | Capacidade: 5000mAh | Potência: — | Conectividade: Bluetooth 5.3, Wi-Fi, DisplayPort | Recursos: design ergonômico, garantia 12 meses, fácil instalação, proteção contra sobrecarga, controle por app | Garantia: 24 meses | Origem: China | Indicações de uso: doméstico | Compatível com: USB-C PD | Palavras-chave: telefonia, azul-marinho, MDF BP, 110V, 5000mAh, —, Bluetooth 5.3, Wi-Fi, DisplayPort, eficiência, durável, custo-benefício | Illum quod perferendis earum accusamus error eum inventore saepe."
98,Purificador de Água Consul CPB34,Eletrodomésticos,1441.97,False,"Purificador de Água Consul CPB34 | Categoria: Eletrodomésticos | Cor: champanhe | Material: ABS | Voltagem: 110V | Peso: 33.7 kg | Dimensões: 165x105x58 cm | Capacidade: 2L | Potência: 1724W | Conectividade: DisplayPort, Bluetooth 5.3 | Recursos: controle por app, eficiência energética A, resistente a riscos | Garantia: 24 meses | Origem: China | Indicações de uso: doméstico | Compatível com: tomada padrão | Palavras-chave: eletrodomésticos, champanhe, ABS, 110V, 2L, 1724W, DisplayPort, Bluetooth 5.3, eficiência, durável, custo-benefício | Impedit saepe rerum placeat fugiat aut occaecati."
99,Placa de Vídeo NVIDIA GeForce RTX 4060,Informática,7234.76,True,"Placa de Vídeo NVIDIA GeForce RTX 4060 | Categoria: Informática | Cor: cinza-escuro | Material: ABS | Voltagem: bivolt | Peso: 14.9 kg | Dimensões: 143x123x19 cm | Capacidade: 512GB | Potência: — | Conectividade: DisplayPort | Recursos: baixo ruído, resistente a riscos, garantia 12 meses, design ergonômico, assistência técnica nacional | Garantia: 12 meses | Origem: Brasil | Indicações de uso: viagem | Compatível com: Wi-Fi 2.4/5GHz | Palavras-chave: informática, cinza-escuro, ABS, bivolt, 512GB, —, DisplayPort, eficiência, durável, custo-benefício | Similique repellat earum iste eos perspiciatis sed eaque."
100,Geladeira Brastemp Frost Free 375L,Eletrodomésticos,2466.30,True,"Geladeira Brastemp Frost Free 375L | Categoria: Eletrodomésticos | Cor: grafite | Material: cerâmica | Voltagem: bivolt | Peso: 2.23 kg | Dimensões: 98x189x13 cm | Capacidade: 500ml | Potência: 723W | Conectividade: HDMI | Recursos: design ergonômico, fácil instalação | Garantia: 6 meses | Origem: México | Indicações de uso: estúdio | Compatível com: USB-C PD | Palavras-chave: eletrodomésticos, grafite, cerâmica, bivolt, 500ml, 723W, HDMI, eficiência, durável, custo-benefício | A hic dolorem quo vel quisquam a aperiam porro facilis."
